customer_id,customer_name,customer_address,email,phone_number
1,Kimberly Lawrence,"483 Price Station Suite 920, Carterbury, MN 84314",ncaldwell@example.net,+1-873-303-8191x0489
2,Cathy White,"4303 Santiago Pike Suite 215, North James, WA 30250",rgibson@example.org,001-392-526-9948
3,Jeremy Cameron,"9832 Donna Ports Suite 069, Davisbury, TN 72179",uchandler@example.net,310.243.5741
4,Howard Dixon,"22207 Becky Spring Suite 063, South Amberburgh, OH 08650",along@example.com,+1-720-863-1855
5,Brad Walters,"647 Yates Views Suite 084, Robertsmouth, NJ 28483",amy03@example.org,518-435-5404x8018
6,Dr. Christine Sanders,"410 Kelsey Dale Suite 134, Candaceport, AZ 62100",woodwilliam@example.net,+1-238-709-2160x2340
7,Jeffery Hoffman,"320 Caleb Isle Apt. 649, East Christopher, UT 36769",katherinenoble@example.net,7215980798
8,Elizabeth Castaneda,"7038 Farrell Inlet Apt. 514, South Emmashire, PR 69380",mooremonique@example.org,+1-341-200-3278x1557
9,Timothy Ward,"117 Reyes Fields Apt. 715, Margaretport, OR 79237",michaeljones@example.net,713-730-8539
10,James Santiago,"21833 Jason Wells, Hansenville, WY 58774",ryancasey@example.com,552-779-4297x7393
11,Gary Huffman,"7085 Dickerson Meadows, South Jo, WY 74898",robert32@example.net,+1-314-890-3985
12,Ashley Chen,"49782 Matthew Rue Apt. 604, Lisaburgh, OR 20105",mklein@example.net,+1-398-635-4313x66708
13,Adrian Watkins,"2439 Christine Brook Apt. 887, Ashleymouth, OK 18351",danielstevenson@example.org,6594154434
14,Misty Jennings,"25388 Patricia Knolls Suite 802, North Margaret, CA 26729",vaughnalex@example.com,857-430-2349x9526
15,Robert Garcia,"417 John Manors Apt. 306, Mcmillanside, SC 07361",morrisvanessa@example.net,7586893334
16,Zachary Watson,"93052 Nelson Coves Suite 662, Tabithastad, CT 56118",ann42@example.com,507-342-7901
17,Sydney Olsen,"582 Robinson Fall, East Carmenville, FL 27646",gregory74@example.com,558-930-3461
18,Courtney Cooley,"23069 Jones Creek, Tiffanyberg, LA 22923",monroewesley@example.com,927-430-3158
19,Sarah Schneider,"Unit 4328 Box 9458, DPO AA 50855",robertprice@example.com,745-889-0523
20,Melinda Underwood,"20691 Clark Villages Suite 395, Port Robertville, WI 96172",qvasquez@example.org,5335150359
21,Edward Clayton,"353 Ethan Valley, Lake Monique, HI 06144",mortonpatricia@example.com,001-931-675-4571x9416
22,Steven Singh,"6038 Sims Turnpike Suite 952, East Jeremyton, SD 27273",pfry@example.com,737-346-1236x56728
23,Richard Maldonado,"6856 Keith Valley, Lake Gary, PA 60763",robert73@example.net,001-901-596-6443
24,Brian Michael,"PSC 4909, Box 9156, APO AA 97587",gbrown@example.com,001-485-250-8733
25,Kelly Dean,"28198 Gonzales Ways Apt. 513, North Tyler, VI 24269",morrisonjustin@example.com,527.726.2593
26,Matthew Mccall,"9985 Patrick Squares, North Michael, NC 25589",smithbeth@example.org,(808)694-4979x118
27,Sarah Lopez,"13204 Kendra Knoll Suite 742, South Sharonmouth, MN 43815",hmitchell@example.com,410-597-3740x6669
28,David Rasmussen DDS,"789 Davis Estate Apt. 290, Clarkchester, MP 02827",jeffreysparks@example.com,706.267.7839
29,Sarah Perry,"7300 Carl Villages Apt. 334, Port Chase, NH 99762",nbright@example.net,001-882-675-2515x3301
30,Luis Boyd,"868 Sara Key Apt. 575, New Kaitlyn, AZ 60349",wtorres@example.org,8698395416
31,Eric Wright,"116 Danielle Junction Suite 267, South Leroy, ID 32985",dixonmegan@example.org,502.302.8177x9854
32,Thomas Gilbert,"28355 Turner Cove, Reidport, PW 01183",tyler69@example.com,+1-545-310-4332
33,Jeffrey Shaw,"PSC 9309, Box 4266, APO AP 40498",brownalex@example.org,8258558014
34,Ariana Rush,"84901 Douglas Trafficway, Brittanyshire, SD 22503",garciakaren@example.org,8844821226
35,Joel Barrett,"19816 Garrett Manor, Hillland, AL 85989",xcoffey@example.com,888.976.8310
36,Thomas Knox,"15269 Rice Hill, Austinmouth, NV 32190",patrick73@example.org,+1-648-779-4578x03509
37,Elizabeth Barnes,"85225 Vasquez Isle, West Josephbury, SC 56931",millerjames@example.org,001-507-777-3524x1033
38,Jordan Jacobson,"2022 Floyd Pines, Lake John, DC 81966",randalljennifer@example.com,2679562802
39,Charles Fox,"7286 Mary Way, Michelemouth, AZ 00639",gwilliams@example.org,906.913.7811
40,Alexander Oliver,"9740 Patterson Ridges, Port Tinafurt, KY 79346",hmurray@example.com,680-536-6940x3898
41,Rebecca Chan,"683 Michael Curve, West Jennifer, HI 67524",gabrielwilliams@example.net,(701)362-3831x24972
42,Elizabeth Reynolds,"909 Taylor Stream Suite 125, Cynthiatown, SD 80573",hernandezbrandon@example.org,436.991.6429x60445
43,Aaron Martin,"111 Julia Loaf, Linchester, TN 16996",brownjimmy@example.org,238.386.9043
44,Kimberly Rodriguez,"3462 Herrera Mountain, North Miguelstad, NH 20145",eparker@example.com,001-581-724-9687x6565
45,Adam Ford,"Unit 9020 Box 7685, DPO AP 14454",ashleywilson@example.net,276.664.2037x292
46,Michelle Ross,"8244 Gabriel Square Suite 758, Simmonsfurt, AK 74292",jason99@example.com,+1-407-568-8661
47,Lisa Moore,"38989 Warren Divide, New Michellehaven, MA 97688",ybrooks@example.com,(842)825-5864x16034
48,Theresa Johnson,"9525 Kimberly Spurs Apt. 099, Lake Gina, WA 37753",bradleyanderson@example.org,480-602-9101
49,Allen Dunlap,"1833 Karl Lock Suite 489, Brettville, DC 29985",stefanie10@example.org,(969)403-7914x3229
,Daniel Brown,"4201 Julie Court, Middletown, OH 43699",eric55@example.net,711-248-5469x53130
50,Joseph Lyons,"4201 Karen Fort Apt. 436, Sarahtown, OH 43699",eric55@example.net,711-248-5469x53130
51,Steven Salazar,"26096 Rhodes Pike Suite 163, Robertville, WI 38983",robertbennett@example.com,(484)580-4420x9425
52,Patricia Gonzalez DDS,"8187 Stanley Haven Apt. 184, New Angelabury, SC 49552",kelleysara@example.net,+1-320-966-4816x10829
53,Natalie Clayton,"7255 Tate Bypass Apt. 683, South Elizabeth, ND 06787",peter68@example.com,001-629-785-7208
54,Samantha Andrews,"100 Tran Orchard Apt. 369, Turnerton, ME 28618",chelsea24@example.org,(578)221-3289
55,Jonathan Chase,"1599 Anthony Mountain Apt. 036, North Joshuaport, WV 93862",robertwalters@example.net,+1-695-583-5144
55,,,billythorton@example.net,+1-377-345-5574
56,Michael King,"3914 Barajas Village, Juanfurt, NH 35628",wrighttina@example.org,676-312-3344x45263
57,James Wallace,"2049 Johnson Light, New Patrickhaven, NM 61230",shawnturner@example.com,510.504.9709
58,Robert Rose,"18297 Kimberly Prairie Suite 600, East Christopher, IL 46806",noah08@example.org,6419692703
59,Rodney Rodriguez,"938 Bennett Stream, South Christopher, SD 83839",phillipscarolyn@example.com,781.975.5478
60,Michael Figueroa,"91246 Christina Squares, Melissabury, WI 23352",david66@example.org,+1-838-677-0871x58062
61,Austin Martin,"103 Joseph Radial, Scottport, NV 02398",imoore@example.net,+1-541-530-7483x763
62,Charles Marshall,"04385 King Ports Suite 773, Josephberg, AK 30586",jamesrodriguez@example.org,524-630-0377x27866
63,Krystal Martinez,"8347 Green Glens, Brianfort, AR 25685",natalie11@example.net,236-258-9180x763
64,George Gordon,"451 Darren Hollow, South Francesview, VI 95456",hilljeffery@example.org,5509118640
65,Cody Hood,"20635 Hanson Squares, Lake Rhondabury, SD 77598",jessicasmith@example.org,5542922025
66,Douglas Collins,"89087 Glover Stravenue Suite 273, Lawsonstad, AL 07288",jackiesimmons@example.org,001-559-698-0990x34531
67,Carolyn Long,"69464 Jesus Street Suite 982, East Michaelland, UT 98347",timothyadams@example.com,513-400-0332x02148
68,Michael Watts,"87157 Travis Walks Apt. 303, Johnview, ID 10342",jnewman@example.net,5224410641
69,Cory Reyes,"2785 Darren Falls Apt. 972, Wolfberg, IL 41735",wsmith@example.com,001-383-479-2967x4644
70,James Fitzpatrick,"PSC 2900, Box 3223, APO AA 02362",thompsonderek@example.org,983-751-6896
71,Keith Gill MD,"37373 Wood Park, Rebekahtown, FL 73403",castrovalerie@example.com,001-402-331-1085x8596
72,Derek Williams,"742 Thompson Centers Apt. 987, South Brenda, AZ 06371",aprilgarcia@example.net,567-451-6379x6721
73,Autumn Randolph,"8200 Michael Bridge Apt. 649, North Sydney, MO 45369",xfreeman@example.com,001-532-542-0419x335
74,Christina Moore,"840 Ellen Parkways Apt. 739, Julianfurt, AK 38339",garciaphillip@example.com,867-510-8519
75,Katherine Thompson,"6451 Katherine Common, West Jonathanbury, SD 34546",jack57@example.com,(296)245-7167x007
76,Joshua Baker,"400 Vincent Trafficway Suite 935, Thomasstad, AZ 32434",ramseytiffany@example.com,+1-877-724-2369x1411
77,Thomas Lindsey,"090 Robert Gateway, Port Tracy, AR 10439",ryan26@example.com,920.400.6987
78,Alexis Cohen,"56934 Mikayla Underpass, Kristenbury, MD 55623",gscott@example.net,+1-410-366-5100x87273
79,Michelle Bright,"40930 Michael Squares, West Jamesview, CT 26579",melindarodriguez@example.com,(286)660-9543x618
80,Marcus Hall,"50091 Cooper Fork, Lake Matthewhaven, ME 22702",nealethan@example.org,001-380-467-5316x190
81,Jacob Porter,"152 Jackson Brooks Apt. 737, South Amy, HI 96420",ryanevans@example.org,001-492-234-6920x2180
82,Michael Smith,"79442 Dominguez Ridge, West Haley, IL 65205",hudsonvicki@example.com,914.973.7136x06052
83,Mandy King,"76884 Guerrero Via Suite 013, Meganton, KY 36704",ginawhite@example.org,692-491-5067
84,Scott Strickland,"USS Mcfarland, FPO AE 51505",loganatkinson@example.net,(899)666-8757x068
85,Heather Garcia,"837 Brown Trail, Saraburgh, NM 52691",jade62@example.net,656.639.1917x2762
86,Sean Horton,"1094 John Lodge, West Brianport, KS 56006",huynhbenjamin@example.com,(372)823-4224
87,Sarah Dominguez,"09910 Wiggins Spur Apt. 777, Williamschester, VT 89537",casey60@example.net,335-243-1252
88,Nathaniel Merritt,"52316 Kimberly Causeway Suite 387, Davidtown, MH 38343",jennifer78@example.com,001-558-815-1510x9258
89,Jesse Rich,"425 Shawn Brooks Apt. 848, West Matthewfort, SD 53856",greenpedro@example.com,001-799-232-8343
90,Adam Brown,"938 Mcneil Passage, Lake Linda, NY 05676",catkins@example.org,352.946.4909x980
91,Mary Bowman,"PSC 4690, Box 6584, APO AA 40480",moorejulia@example.org,(246)756-4184x764
92,Patrick Bailey,"934 Shelton Glen, Fieldsburgh, LA 35821",vwood@example.net,540.867.6504x0854
93,Brittany Mckinney,"USS Cook, FPO AA 71782",longpamela@example.com,604.540.7821
94,Marilyn Brewer,"057 Lewis Mission Apt. 159, Lake Renee, IN 03413",wclark@example.org,+1-574-909-4327x182
95,Mark Perkins,"244 Wolfe Land Suite 864, Tiffanymouth, NJ 41365",zcalhoun@example.net,997-947-0757
96,Justin Hawkins,"872 Chapman Roads, Longside, PR 97167",vanessa96@example.com,001-632-291-8448x0664
97,Jordan Wright,"3872 Tyler Prairie, Millerton, DE 18242",uhansen@example.com,(525)361-6358
98,Gregory Jackson,"2674 Chan Ramp Apt. 460, New Glennborough, VI 62090",padillamanuel@example.net,6559342611
99,Jorge Smith,"2534 Robert Islands, Butlerchester, NM 72328",murphykristin@example.org,5592681787
100,Shelby Fernandez,"PSC 9373, Box 5958, APO AA 36507",candacebyrd@example.com,+1-308-202-4506x881
